Toyota C-HR,VYEEDG,0001
Alfa Romeo Giulia,OVQXIQ,0004
Buick Encore GX,ZIQSUF,0007
Jeep Gladiator,YFQOSQ,0010
Chevrolet Impala,MWPBNW,0013
Volkswagen Atlas Cross Sport,ESIJDW,0016
Toyota Prius Prime,AECYJV,0019
Lexus RZ,QONGCT,0022
Tesla Model S,MCGSVD,0025
Buick Envision,UTGBZM,0028
Toyota GR Supra,ASFVCE,0031
Ford Edge,VWMEND,0034
Rolls-Royce Cullinan,HBYRNT,0037
BMW M5,UWTATN,0040
Kia Niro,IQFXBZ,0043
Jeep Grand Cherokee,KRPNJM,0046
MAZDA MX-30,UGXRBJ,0049
Volvo C40 Recharge,CGQTQT,0052
Subaru Impreza,YXTFGV,0055
BMW iX,BBBXZW,0058
Toyota bZ4X,TPWHEP,0101
Genesis G70,LMPYGG,0104
Nissan GT-R,RQRMQX,0107
Jeep Compass,EIEBOQ,0110
Porsche Cayenne,QRTNZT,0113
MINI Hardtop 4 Door,RGMSGB,0116
Ford F350 Super Duty Crew Cab,EFPQTO,0119
Kia K5,JWWQGR,0122
Ford Ranger SuperCrew,AVRZDB,0125
Mercedes-Benz Mercedes-EQ EQE,UWBEJR,0128
Dodge Grand Caravan Passenger,WGJFSI,0131
Hyundai Santa Cruz,HVQTID,0134
Audi e-tron,GATUSY,0137
Audi e-tron Sportback,YYJAXM,0140
Jaguar F-PACE,TTVZXX,0143
Lincoln MKZ,SSYTAU,0146
Jeep Grand Cherokee 4xe,ZACGON,0149
Toyota Corolla Hatchback,FHOAEB,0152
Kia Optima Hybrid,ECIDOR,0155
Jaguar E-PACE,ZTGFLP,0158
Ford Ranger SuperCab,MKGNXJ,0201
Audi RS e-tron GT,SVKEMY,0204
Dodge Journey,VIJNOK,0207
Subaru Legacy,NSWFQK,0210
Tesla Model 3,GMJYPI,0213
Honda Civic Type R,PQYQWT,0216
Hyundai Ioniq Plug-in Hybrid,NQOHKA,0219
Nissan Rogue,DWGXVZ,0222
INFINITI QX50,TWVKND,0225
Mercedes-Benz Mercedes-EQ EQS,PPNPEE,0228
Mercedes-Benz GLC,YYOFBZ,0231
Hyundai Kona Electric,NKDNBP,0234
Audi RS 5,YIASAY,0237
Mitsubishi Mirage,WUQAPU,0240
Toyota Highlander,NKQMUQ,0243
Volvo S90,HFPPRX,0246
Rolls-Royce Ghost,RCQVYG,0249
Audi Q4 e-tron,LQMTIF,0252
Kia Optima Plug-in Hybrid,WQEVMI,0255
Ford Maverick,QFGGET,0258
Cadillac CT4,NHIPJQ,0301
Ferrari Portofino,DQUCOW,0304
Mercedes-Benz G-Class,WTRITF,0307
Chevrolet Colorado Extended Cab,JNWVKM,0310
Mercedes-Benz Mercedes-AMG GLA,KDDDJK,0313
MAZDA CX-30,VIWPNE,0316
Nissan Ariya,ZCEPPB,0319
Honda Odyssey,RJPUPS,0322
INFINITI QX55,ZMZUIW,0325
Lexus LS,PHPIQI,0328
BMW i3,NZHDPX,0331
Honda Accord,MYOJJK,0334
Kia Cadenza,RIECRF,0337
Dodge Challenger,MXKLXW,0340
Ford Expedition MAX,BBMUNG,0343
Maserati Ghibli,CYWVEW,0346
Rolls-Royce Phantom,MTGETG,0349
Buick Encore,UPKYLI,0352
MAZDA CX-50,BVXJMZ,0355
Bentley Flying Spur,VTCGRI,0358
Subaru Ascent,WIBTZS,0401
Nissan NV3500 HD Cargo,HNVVMG,0404
Land Rover Range Rover Evoque,GJZCKJ,0407
Chevrolet Equinox EV,KOZKCE,0410
Mercedes-Benz Mercedes-Maybach S-Class,WBJCPB,0413
Kia Carnival,OKXQMW,0416
MAZDA MX-5 Miata,CLGAZN,0419
Lexus GX,QWMXLO,0422
Ford F250 Super Duty Crew Cab,WBUKIN,0425
Maserati Levante,LPUXYU,0428
Land Rover Defender 90,JWWHGE,0431
Ferrari Roma,CISIHF,0434
MAZDA CX-5,FRVCYH,0437
MAZDA CX-70,NPZQJC,0440
Mercedes-Benz Mercedes-AMG GLC,QUCFOG,0443
Ford F150 Super Cab,DGNKCI,0446
Cadillac Escalade ESV,OXFFGS,0449
Mercedes-Benz E-Class,YKONBH,0452
Honda CR-V Hybrid,FQCSMF,0455
Mercedes-Benz Mercedes-Maybach GLS,NRVZLV,0458
Lexus IS,CWVIQS,0501
Bentley Bentayga,GSGUJJ,0504
Cadillac CT6-V,FEKANR,0507
Ford F250 Super Duty Regular Cab,AFLHRD,0510
Nissan Murano,BFBHQD,0513
Lamborghini Aventador,JRWLCY,0516
Hyundai Santa Fe Plug-in Hybrid,FQCJRD,0519
Chrysler Pacifica Hybrid,ATRVPB,0522
Kia Rio,LZWSMS,0525
GMC Canyon Extended Cab,MSSDWL,0528
Toyota Land Cruiser,YOKBXF,0531
MAZDA MX-5 Miata RF,GJBLAR,0534
Maserati Quattroporte,WEOXTS,0537
Audi Q5,PHJYRY,0540
Chevrolet Colorado Crew Cab,JYPIEB,0543
Nissan Armada,UCNNHY,0546
Nissan Kicks,TZFFTK,0549
Mercedes-Benz Metris Passenger,GSQEVH,0552
Jaguar F-TYPE,NFYMXA,0555
McLaren GT,MKDWBY,0558
Ram ProMaster Cargo Van,BEAVWG,0601
Hyundai Ioniq Hybrid,FKFUIC,0604
Mercedes-Benz C-Class,TUUFRD,0607
Toyota RAV4 Hybrid,YOMHWI,0610
Mercedes-Benz Mercedes-AMG GLB,VXQYWZ,0613
Audi A8,FCVXVX,0616
Volkswagen Jetta,ALRKML,0619
Honda Ridgeline,YRDZIZ,0622
MAZDA CX-9,VDGUDT,0625
Honda Insight,LRUWRA,0628
Mercedes-Benz Mercedes-AMG GLE,XVRKKX,0631
Lexus RX,YGBLFB,0634
BMW i8,TROKSA,0637
Lotus Evora GT,BHBCBM,0640
Acura RDX,MERQCR,0643
Audi e-tron GT,ZRZQMS,0646
Ford F350 Super Duty Regular Cab,OFALOP,0649
Ford Bronco,JEBWYJ,0652
Mercedes-Benz GLA,JFFHLE,0655
Audi A6,SDPINW,0658
Aston Martin DBX,BYFHLY,0701
Lincoln Navigator,XZGTWI,0704
Toyota Avalon,ETWESH,0707
Cadillac CT5,TGZYDM,0710
Chevrolet Bolt EV,UWAEFQ,0713
Ford F450 Super Duty Crew Cab,MBXXDG,0716
Kia Optima,JEWUYO,0719
Mercedes-Benz CLA,WJPEAV,0722
Land Rover Range Rover,DNQETT,0725
BMW M4,YAVUPL,0728
Toyota Corolla,LLWWWB,0731
Porsche Macan,TOQHAQ,0734
Audi S8,GRNIUR,0737
Mitsubishi Eclipse Cross,LBFHDB,0740
Lucid Air,PLMQOY,0743
Mitsubishi Mirage G4,HVUMFT,0746
Genesis Electrified G80,OXRBFB,0749
Audi S3,WCNQQW,0752
Toyota Camry,UILHVR,0755
Chevrolet Blazer EV,JBOOKF,0758
Hyundai Accent,SDQUZP,0801
Lexus GS,VMCIXC,0804
Kia Niro EV,IDNVBK,0807
Jeep Grand Wagoneer,XADJIW,0810
Porsche Panamera,YBBYEU,0813
MAZDA MAZDA3,VZKCYX,0816
Hyundai NEXO,ZLJPSX,0819
Mercedes-Benz Mercedes-AMG A-Class,YTOZZP,0822
Volkswagen Golf,RBMGOB,0825
Mercedes-Benz Mercedes-AMG GT,JVVHUU,0828
Jaguar I-PACE,RFPFHP,0831
Cadillac LYRIQ,LUEMWO,0834
Nissan Pathfinder,TUPIMY,0837
Volkswagen ID.4,KQDMIC,0840
Honda Civic,PUCKGP,0843
Jeep Cherokee,OVASRW,0846
Ford Fusion,CQHRYC,0849
Toyota GR86,BKOWCP,0852
Mercedes-Benz Mercedes-EQ EQB,SYCYVK,0855
GMC Acadia,PSHISN,0858
Toyota Mirai,LJESSD,0901
Subaru Crosstrek,APRDZX,0904
Lexus LX,CYYTMQ,0907
Mercedes-Benz Mercedes-AMG SL,ZRQBXK,0910
Mercedes-Benz Metris WORKER Passenger,NTFJBT,0913
Audi S4,XKYTJZ,0916
Genesis GV60,ENNCHB,0919
Tesla Model Y,TRQFLS,0922
Ford Escape,IZYGEF,0925
Toyota Camry Hybrid,XIQOSV,0928
Audi Q3,TXMYOD,0931
Cadillac CT6,PUNMSA,0934
INFINITI QX60,DOSZMF,0937
Mercedes-Benz S-Class,BSJQKV,0940
Audi R8,SLSCLU,0943
Ford Fusion Plug-in Hybrid,GABHWJ,0946
Subaru BRZ,VEDRDK,0949
Toyota Highlander Hybrid,NKWPME,0952
Audi S7,QGPYLD,0955
Jeep Grand Cherokee L,CJPFUN,0958
Jeep Renegade,IXLQUY,1001
Mitsubishi Outlander PHEV,EHAHLM,1004
Tesla Model X,NGQRBB,1007
GMC Hummer EV SUV,GIVPET,1010
Audi A5,PLMENX,1013
GMC Hummer EV,NSAROC,1016
Mercedes-Benz Mercedes-AMG C-Class,LTTQPY,1019
Bentley Mulsanne,AWIDZX,1022
Toyota Corolla Hybrid,ZONGXG,1025
Land Rover Range Rover Sport,DILFNK,1028
Ford F150 SuperCrew Cab,CZNYNX,1031
Buick Regal TourX,ZBFLGV,1034
Honda Passport,EUJTLS,1037
Bentley Continental GT,UZBICX,1040
Hyundai Elantra Hybrid,XUJRNP,1043
Audi e-tron S,QUESIF,1046
Lincoln Continental,OGQXEY,1049
Audi e-tron S Sportback,WEVOZX,1052
Audi A7,VMQZQD,1055
Chevrolet Camaro,PQMQYX,1058
GMC Canyon Crew Cab,KKVAXB,1101
Ford F450 Super Duty Regular Cab,ZJVSOW,1104
Honda Pilot,PKLPRL,1107
MINI Countryman,GCPTZT,1110
Rolls-Royce Dawn,KHTXVE,1113
Volvo S60,HNQWNB,1116
Nissan NV200,CPHYJT,1119
Hyundai Elantra GT,PQLZVX,1122
Honda Clarity Fuel Cell,TNIPFB,1125
Ford F150 Lightning,KDWQWF,1128
Nissan Frontier Crew Cab,DATRWH,1131
Land Rover Discovery,AOOZXU,1134
Ford F250 Super Duty Super Cab,SMBSWT,1137
Hyundai IONIQ 5,WSUEYG,1140
Chevrolet Blazer,ZNFURG,1143
Honda Clarity Plug-in Hybrid,RHYFYJ,1146
Honda HR-V,JGHPCV,1149
Audi A4,KFRLMI,1152
Genesis GV70,HIABQT,1155
Nissan Altima,QUJLQB,1158
Mercedes-Benz Metris Cargo,EMSCTV,1201
Chevrolet Malibu,ZKHPBK,1204
Kia K900,QUMTNJ,1207
Nissan Frontier King Cab,VTOQJZ,1210
Lexus NX,WKSPXZ,1213
Buick Enclave,IQIPLU,1216
Mercedes-Benz Mercedes-AMG S-Class,EBREGY,1219
Mercedes-Benz Mercedes-AMG CLA,XUQXEP,1222
Volkswagen Golf R,HYWAXA,1225
Audi Q5 Sportback,OJNZJU,1228
Kia Niro Plug-in Hybrid,CMVKYQ,1231
Hyundai Elantra,TCWRRW,1234
MAZDA CX-90,ICJFQL,1237
Subaru Forester,FOPBKS,1240
Toyota Avalon Hybrid,RDGNWM,1243
Ferrari F8,XTJODD,1246
BMW M2,RSOHUR,1249
Mitsubishi Outlander,JCVOKO,1252
Audi S5,NOPGAT,1255
Aston Martin DB11,YGURAW,1258
INFINITI Q50,ABFEHC,1301
Nissan NV1500 Cargo,GGOLOT,1304
Rivian R1S,ITKJAC,1307
Mercedes-Benz Mercedes-AMG CLS,SHSIJS,1310
Toyota RAV4,NUVSUA,1313
Acura Integra,QEPWOC,1316
Ford Bronco Sport,TQXTFE,1319
Tesla Cybertruck,LOOTFK,1322
Kia EV6,MJKVQS,1325
Lincoln Aviator,OYPSBW,1328
Lamborghini Huracan,DXVWOH,1331
Chevrolet Express 3500 Passenger,KCVMNR,1334
Audi A6 allroad,RIAWMH,1337
Honda Prologue,JQBDSD,1340
Volkswagen Atlas,JKFWJL,1343
Audi A4 allroad,GRZFIV,1346
Audi Q8,QONMGN,1349
INFINITI Q60,WKKMVD,1352
Lexus RC,WPRIDM,1355
Lexus ES,RVWLYD,1358
BMW M8,JNSSAZ,1401
Land Rover Discovery Sport,GYIIIQ,1404
BMW M3,BOHXMV,1407
Audi RS Q8,ELPTXO,1410
Genesis G90,QDVGYI,1413
Ford Expedition,HDQELY,1416
Honda Fit,SUZKXP,1419
Volkswagen Golf GTI,BFLHZF,1422
Ferrari GTC4Lusso,HZSNWD,1425
Subaru Outback,CXGCXW,1428
Acura MDX Sport Hybrid,PXHUUO,1431
Lincoln Nautilus,RBOGIL,1434
Mercedes-Benz CLS,TXQLBU,1437
Volkswagen Passat,JEWRHZ,1444
Ford Explorer,SXRNYY,1451
MINI Hardtop 2 Door,IVNOAD,1458
Lincoln Corsair,GZTGRD,1505
Ram ProMaster City,JJIZHW,1512
Ford EcoSport,KFAPAE,1519
Audi RS 7,GUTMBU,1526
Ram ProMaster Window Van,NMIZOJ,1533
Aston Martin DBS Superleggera,NETZTV,1540
Ford Mustang MACH-E,WMGZGN,1547
Genesis G80,OSWOKR,1554
Mercedes-Benz GLC Coupe,LMLOAF,1601
Hyundai Santa Fe,KDYASF,1608
Honda Accord Hybrid,NTGUCV,1615
Nissan NV3500 HD Passenger,QEMHKL,1622
Buick Regal Sportback,DLXWPR,1629
Chevrolet Express 3500 Cargo,TKPFOZ,1636
Audi A3,VGKVQX,1643
GMC Savana 2500 Cargo,YURQZW,1650
Toyota Prius,SOCSNH,1657
Kia Forte,PTGHKZ,1704
Chevrolet Bolt EUV,TIXGFO,1711
Mercedes-Benz GLS,PYJBOH,1718
Mercedes-Benz GLB,YSGGVU,1725
Hyundai Ioniq Electric,QUDDIZ,1732
MINI Clubman,IJRVBI,1739
Toyota Corolla Cross,RAFHUE,1746
Dodge Charger,LFLNFU,1753
Nissan NV2500 HD Cargo,NZVFMW,1800
Volkswagen Jetta GLI,IWIVFC,1807
Mercedes-Benz Mercedes-AMG G-Class,GFBQAZ,1814
Mercedes-Benz Mercedes-AMG E-Class,GPEQHI,1821
Land Rover Defender 110,DBRIHH,1828
Audi S6,EBCBDW,1835
Audi RS 3,ROBQWE,1842
Hyundai Palisade,GFKAPL,1849
Volkswagen ID.Buzz,RKUNQL,1856
INFINITI QX80,LZFHMF,1903
Honda CR-V,FHCJGC,1910
Chevrolet Equinox,GCATHG,1917
Ford F150 Regular Cab,DWRNKJ,1924
Lincoln Navigator L,EKETUO,1931
Acura MDX,PHSJMA,1938
Hyundai Kona,PKHVKR,1945
Dodge Durango,ZMDKSI,1952
MAZDA MAZDA6,SDNIJF,1959
Mercedes-Benz Mercedes-AMG GLS,SZZQEO,2006
Volkswagen Arteon,AIUXRA,2013
Mercedes-Benz GLE,LBLDUB,2020
Chevrolet Express 2500 Cargo,XQAUSU,2027
Lexus LC,VPPDLT,2034
Audi Q7,TFPWIX,2041
Acura RLX Sport Hybrid,QHTKOF,2048
Genesis GV80,HSTWIN,2055
Nissan LEAF,LEVFEW,2102
Nissan Maxima,YUXXJM,2109
Ford Mustang,NGYQNH,2116
Porsche Cayenne Coupe,ITUONP,2123
Nissan Rogue Sport,RVSHQP,2130
Chevrolet Express 2500 Passenger,ULJRCN,2137
Chrysler Pacifica,UQSFNS,2144
Chevrolet Corvette,PLKHRV,2151
Ford F350 Super Duty Super Cab,RGADLT,2158
Cadillac Escalade,GRZTXQ,2205
Acura NSX,VDIFYV,2212
Acura ILX,VARNZG,2219
Mercedes-Benz Mercedes-AMG SLC,OUOETE,2226
Land Rover Range Rover Velar,TDGHMG,2233
Rivian R1T,DSSHYL,2240
MAZDA CX-3,WNBCKC,2247
Mercedes-Benz Mercedes-AMG GLC Coupe,MWOQIX,2254
MINI Convertible,JCYQAH,2301
Hyundai Santa Fe Hybrid,EJFOCP,2308
Acura RLX,QCCXNI,2315
Mercedes-Benz Mercedes-AMG GLE Coupe,NMBHHM,2322
Mitsubishi Outlander Sport,DHUEXU,2329
Toyota RAV4 Prime,SXGNGT,2336
Mercedes-Benz Metris WORKER Cargo,RAMTKQ,2343
BMW i4,APPLUX,2350
Audi RS 6,FVXMKC,2357
X,
